iteration, time, yplus_min, yplus_max, yplus_max_pos_x, yplus_max_pos_y, yplus_max_pos_z, yplus_prom 
1, 5e-05, 4.11878e-07, 75.8494, -1.83883, -0.16096, 0.450779, 5.38849 
2, 0.0001, 0.162918, 76.8304, -1.83883, -0.16096, 0.450779, 1.63543 
3, 0.00015, 0.0336846, 77.2613, -2.47382, 0.145448, 0.024581, 1.64646 
4, 0.0002, 0.049577, 79.0583, -2.47382, 0.145448, 0.024581, 1.47856 
5, 0.00025, 0.0119553, 79.8053, -2.47382, 0.145448, 0.024581, 1.24144 
6, 0.0003, 0.0410576, 80.2131, -2.47382, 0.145448, 0.024581, 1.15511 
7, 0.00035, 0.0229714, 79.9642, -2.47382, -0.145448, 0.0245815, 1.11188 
